{"Alice": {"rounds": 2000, "total_score": 12868, "average_score": 6.433999999999995}, "Alex": {"rounds": 2000, "total_score": 24, "average_score": 0.011999999999999992}, "Eve": {"rounds": 2000, "total_score": 11830, "average_score": 5.915000000000002}, "George": {"rounds": 2000, "total_score": 12716, "average_score": 6.358}, "Jeeves": {"rounds": 2000, "total_score": 17196, "average_score": 8.598000000000004}, "Steve": {"rounds": 2000, "total_score": 14386, "average_score": 7.1930000000000005}}